name,length,fixed,c
,,,2249
,,,1771
US-CA,5,US-CA,209
GB-ENG,6,GB-ENG,115
Not specified,13,,106
USA,3,,86
US-TX,5,US-TX,72
CA-ON,5,CA-ON,65
US-NC,5,US-NC,64
US-FL,5,US-FL,61
US-WA,5,US-WA,59
US-NY,5,US-NY,54
US-VA,5,US-VA,51
DE-NW,5,DE-NW,50
US-MD,5,US-MD,50
US-AZ,5,US-AZ,44
US,2,,44
FR-IDF,6,FR-IDF,43
US-CO,5,US-CO,43
CA-BC,5,CA-BC,42
US-OH,5,US-OH,42
US-DC,5,US-DC,42
US-IL,5,US-IL,40
AU-NSW,6,AU-NSW,39
US-MI,5,US-MI,39
null,4,,39
ON,2,,38
US-MA,5,US-MA,36
N/A,3,,35
US-PA,5,US-PA,35
US-MN,5,US-MN,34
GB-SCT,6,GB-SCT,34
US-GA,5,US-GA,31
US-OR,5,US-OR,30
Not available,13,,30
AU-VIC,6,AU-VIC,28
ENG,3,,27
DE-BW,5,DE-BW,27
US-NJ,5,US-NJ,27
US-AK,5,US-AK,27
US-WI,5,US-WI,26
FRA,3,,26
DE-NI,5,DE-NI,24
Not provided,12,,22
DEU,3,,21
US-MO,5,US-MO,21
Unknown,7,,21
US-ID,5,US-ID,21
BE-BRU,6,BE-BRU,20
US-IN,5,US-IN,20
VA,2,,19
ES-CT,5,ES-CT,19
US-HI,5,US-HI,18
NL,2,,18
ID-JB,5,ID-JB,18
JP-13,5,JP-13,18
GBR,3,,17
AR-B,4,AR-B,17
AU-QLD,6,AU-QLD,17
US-VT,5,US-VT,16
CA-AB,5,CA-AB,16
FR-OCC,6,FR-OCC,15
US-CT,5,US-CT,15
US-NV,5,US-NV,15
US-IA,5,US-IA,15
-,1,,15
SCT,3,GB-SCT,15
BE-VLG,6,BE-VLG,15
ID-JT,5,ID-JT,15
BC,2,,14
OC,2,,14
CA,2,,14
IT-45,5,IT-45,14
CT,2,,14
US-MT,5,US-MT,14
CA-QC,5,CA-QC,14
US-TN,5,US-TN,13
NC,2,,13
CO-DC,5,CO-DC,13
QC,2,,13
not specified,13,,13
PA,2,,13
US-AL,5,US-AL,12
US-RI,5,US-RI,12
AB,2,,12
ID-JI,5,ID-JI,12
AR-C,4,AR-C,12
CHE,3,,12
US-KS,5,US-KS,12
DE-BE,5,DE-BE,12
ZAF,3,,11
CO,2,,11
ITA,3,ITA,11
FR-PDL,6,FR-PDL,11
SP,2,,11
US-KY,5,US-KY,11
DE,2,,11
SE,2,,11
AUS,3,AUS,11
GB-WLS,6,GB-WLS,11
DE-SN,5,DE-SN,11
DE-BY,5,DE-BY,11
US-SC,5,US-SC,11
AU-ACT,6,AU-ACT,11
n/a,3,,10
US-OK,5,US-OK,10
DE-HE,5,DE-HE,10
SA,2,,10
CAT,3,ES-CT,10
AZ,2,,10
US-AR,5,US-AR,10
FI-18,5,FI-18,10
AFR,3,,10
EA,2,,10
NZ-CAN,6,NZ-CAN,10
IDF,3,,10
US-NE,5,US-NE,10
US-ND,5,US-ND,10
Not specified in source,23,,10
ES-AN,5,ES-AN,10
OR,2,,10
ES-PV,5,ES-PV,10
IT-52,5,IT-52,9
NO-03,5,NO-03,9
CA-NB,5,CA-NB,9
IT-34,5,IT-34,9
US-UT,5,US-UT,9
NW,2,,9
NZ-WGN,6,NZ-WGN,9
EU,2,,9
AU-TAS,6,AU-TAS,9
GB-NIR,6,GB-NIR,9
TX,2,,9
RS,2,,9
PSE,3,,9
EUR,3,,9
NLD,3,,9
NL-ZH,5,NL-ZH,9
THA,3,,9
US-NM,5,US-NM,9
BE-WAL,6,BE-WAL,8
ES-M,4,ES-M,8
ID-KB,5,ID-KB,8
MD,2,,8
PER,3,,8
AR-T,4,AR-T,8
US-MS,5,US-MS,8
DE-BB,5,DE-BB,8
FR,2,,8
AU-WA,5,AU-WA,8
GB-LND,6,GB-LND,8
IRL,3,,8
WA,2,,8
CA-NS,5,CA-NS,8
KOR,3,,8
VC,2,,8
ES-CN,5,ES-CN,8
TH-10,5,TH-10,8
US-ME,5,US-ME,8
SEA,3,,8
CN-ZJ,5,CN-ZJ,8
ROU,3,,8
ES-CL,5,ES-CL,7
NL-NH,5,NL-NH,7
BZ,2,,7
FR-64,5,FR-64,7
US-WV,5,US-WV,7
AR-Q,4,AR-Q,7
CAN,3,,7
TH,2,,7
BR-MG,5,BR-MG,7
KR-11,5,KR-11,7
SRB,3,,7
CL,2,,7
ID-SB,5,ID-SB,7
GHA,3,,7
BRU,3,BRU,7
NY,2,,7
ID-JK,5,ID-JK,7
NB,2,,7
CA-SK,5,CA-SK,7
PR,2,,7
FR-BRE,6,FR-BRE,7
AR-M,4,AR-M,7
US-LA,5,US-LA,7
ES-MD,5,ES-MD,7
FR-NAQ,6,FR-NAQ,7
BR-SP,5,BR-SP,6
TH-XX,5,TH-XX,6
FL,2,,6
DE-HH,5,DE-HH,6
CO-ANT,6,CO-ANT,6
VLG,3,,6
FR-PAC,6,FR-PAC,6
LTU,3,LTU,6
NL-GR,5,NL-GR,6
US-NH,5,US-NH,6
MG,2,,6
NL-NB,5,NL-NB,6
QLD,3,AU-QLD,6
LBN,3,,6
BRA,3,,6
NZ-WKO,6,NZ-WKO,6
GA,2,,6
unknown,7,,6
MEX,3,,6
JPN,3,,6
TH-00,5,TH-00,6
PRT,3,,6
Not explicitly stated,21,,6
ARG,3,,6
WAL,3,GB-WAL,6
IT-88,5,IT-88,6
AU-NT,5,AU-NT,6
ES-GA,5,ES-GA,6
BE,2,,6
LA,2,,6
NOR,3,,6
BR-DF,5,BR-DF,6
AL,2,,6
none,4,,6
AU,2,,5
VIC,3,AU-VIC,5
AU-SA,5,AU-SA,5
IT-82,5,IT-82,5
ID-KI,5,ID-KI,5
AR-X,4,AR-X,5
PT-20,5,PT-20,5
DK-84,5,DK-84,5
USA-CA,6,USA-CA,5
NZL,3,NZL,5
IDN,3,,5
NH,2,,5
EUU,3,EUU,5
GB,2,,5
HR-21,5,HR-21,5
GB-BST,6,GB-BST,5
GB-HAM,6,GB-HAM,5
AT-9,4,AT-9,5
CZ-PR,5,CZ-PR,5
MB,2,,5
DE-MV,5,DE-MV,5
NL-OV,5,NL-OV,5
TAS,3,AU-TAS,5
GB-KEN,6,GB-KEN,5
SH,2,,5
AF,2,,5
Not provided in source,22,,5
FR-NOR,6,FR-NOR,5
UNKNOWN,7,,5
BRE,3,BRE,5
BR,2,,5
TR-34,5,TR-34,5
AR-S,4,AR-S,5
RWA,3,,5
ES-CB,5,ES-CB,5
ID-SS,5,ID-SS,5
RN,2,,5
ES-V,4,ES-V,5
ESP,3,,5
FR-GES,6,FR-GES,5
ID-BT,5,ID-BT,5
FR-CVL,6,FR-CVL,5
BY,2,,4
ISL,3,ISL,4
UT,2,,4
IC,2,,4
ID-KR,5,ID-KR,4
IT-72,5,IT-72,4
POL,3,POL,4
BGD,3,BGD,4
PE,2,,4
IT-62,5,IT-62,4
NL-UT,5,NL-UT,4
ES-AR,5,ES-AR,4
FR-HDF,6,FR-HDF,4
AR-R,4,AR-R,4
CE,2,,4
US-WY,5,US-WY,4
ES-NC,5,ES-NC,4
FR-E,4,FR-E,4
TWN,3,,4
FR-75,5,FR-75,4
ES-IB,5,ES-IB,4
JP-28,5,JP-28,4
IN,2,,4
NA,2,,4
ID-KS,5,ID-KS,4
CAM,3,CAM,4
NL-GE,5,NL-GE,4
AE-AZ,5,AE-AZ,4
CZ,2,,4
AUT,3,AUT,4
SAU,3,SAU,4
NT,2,,4
MA,2,,4
FI,2,,4
IL,2,,4
EL,2,,4
RM,2,,4
MO,2,,4
PL-DS,5,PL-DS,4
AR-J,4,AR-J,4
SVK,3,SVK,4
SE-U,4,SE-U,4
IL-JM,5,IL-JM,4
SC,2,,4
BR-RS,5,BR-RS,4
ID-RI,5,ID-RI,4
ES-MC,5,ES-MC,4
LV,2,,4
DE-RP,5,DE-RP,4
NZ,2,,4
TN,2,,4
NO,2,,4
BA-BIH,6,BA-BIH,4
HRV,3,HRV,4
RU-KHM,6,RU-KHM,4
PL-SL,5,PL-SL,4
US-DE,5,US-DE,4
CN-FJ,5,CN-FJ,4
PL-MZ,5,PL-MZ,4
REU,3,REU,4
CRI,3,CRI,4
ID-AC,5,ID-AC,4
HDF,3,HDF,4
SE-M,4,SE-M,4
IT-21,5,IT-21,4
ES-AS,5,ES-AS,4
ID-LA,5,ID-LA,3
SAS,3,SAS,3
CZE,3,CZE,3
DE-HB,5,DE-HB,3
BL,2,,3
IA,2,,3
ID-PA,5,ID-PA,3
CA-YT,5,CA-YT,3
---,3,---,3
FR-34,5,FR-34,3
CN-GD,5,CN-GD,3
ID-YO,5,ID-YO,3
NZ-TKI,6,NZ-TKI,3
IT,2,,3
JP-01,5,JP-01,3
MOW,3,MOW,3
DK-82,5,DK-82,3
BEL,3,BEL,3
NL-FL,5,NL-FL,3
AT-2,4,AT-2,3
NS,2,,3
CH,2,,3
JP-09,5,JP-09,3
PT-30,5,PT-30,3
CN-HK,5,CN-HK,3
IT-32,5,IT-32,3
FR-A,4,FR-A,3
ID-KT,5,ID-KT,3
CO-CUN,6,CO-CUN,3
UY,2,,3
DF,2,,3
EMEA,4,,3
IT-36,5,IT-36,3
EE,2,,3
GR-A,4,GR-A,3
JAM,3,JAM,3
JP-34,5,JP-34,3
UZB,3,UZB,3
VN-SG,5,VN-SG,3
CAN-BC,6,CAN-BC,3
SG,2,,3
ES-B,4,ES-B,3
TUN,3,TUN,3
AT-6,4,AT-6,3
ARE,3,ARE,3
MX-NLE,6,MX-NLE,3
RU-SPE,6,RU-SPE,3
TW-TPE,6,TW-TPE,3
AE-DU,5,AE-DU,3
VLI,3,VLI,3
FI-ES,5,FI-ES,3
RU-YAN,6,RU-YAN,3
NZ-OTA,6,NZ-OTA,3
HI,2,,3
ES-EX,5,ES-EX,3
Pays de la Loire,16,,3
ID-BE,5,ID-BE,3
ID-MU,5,ID-MU,3
AS,2,,3
CR-SJ,5,CR-SJ,3
LAC,3,LAC,3
GE,2,,3
IT-23,5,IT-23,3
GB-SHF,6,GB-SHF,3
AF-W,4,AF-W,3
CN-SH,5,CN-SH,3
SN,2,,3
Not specified in URL,20,,3
FR-76,5,FR-76,3
PAN,3,PAN,3
RJ,2,,3
IT-42,5,IT-42,3
PT,2,,3
RU-TA,5,RU-TA,3
GES,3,GES,3
TOS,3,TOS,3
YT,2,,3
OCE,3,OCE,3
None,4,,3
FR-53,5,FR-53,3
SA-02,5,SA-02,3
NSW,3,NSW,3
FR-ARA,6,FR-ARA,3
US-XX,5,US-XX,3
CN-JS,5,CN-JS,3
CA-NL,5,CA-NL,3
IT-25,5,IT-25,3
NZ-HKB,6,NZ-HKB,3
IN-KL,5,IN-KL,3
Africa,6,Africa,3
ES,2,,3
NO-30,5,NO-30,3
FI-11,5,FI-11,3
DNK,3,DNK,3
AK,2,,3
AT-3,4,AT-3,3
TW,2,,3
VT,2,,3
CZ-JM,5,CZ-JM,3
ID-JA,5,ID-JA,3
NZ-AUK,6,NZ-AUK,3
AR-E,4,AR-E,3
NI,2,,3
SE-AB,5,SE-AB,3
ER,2,,3
DE-TH,5,DE-TH,3
NL-DR,5,NL-DR,3
IE-D,4,IE-D,3
CN,2,,3
RU-SAM,6,RU-SAM,3
GR-M,4,GR-M,3
AT,2,,3
ID,2,,3
BO,2,,3
HKG,3,HKG,3
PL-MA,5,PL-MA,3
USA-DC,6,USA-DC,3
NONE,4,,2
KR-26,5,KR-26,2
TI,2,,2
FR-J,4,FR-J,2
KZN,3,KZN,2
SK-ZA,5,SK-ZA,2
ZA,2,,2
MN,2,,2
FR-29,5,FR-29,2
CL-LL,5,CL-LL,2
TEX,3,TEX,2
MV,2,,2
LP,2,,2
Q,1,,2
FR-41,5,FR-41,2
RUS,3,,2
RU-ROS,6,RU-ROS,2
EC,2,,2
GB-LIN,6,GB-LIN,2
CZ-MO,5,CZ-MO,2
?,1,,2
NJ,2,,2
SAC,3,SAC,2
GR,2,,2
KR-41,5,KR-41,2
NZ-NTL,6,NZ-NTL,2
NZ-BOP,6,NZ-BOP,2
WSM,3,WSM,2
SI-00,5,SI-00,2
CPV,3,CPV,2
AUS-NSW,7,AU-NSW,2
HE,2,,2
FR-91,5,FR-91,2
FRO,3,FRO,2
UMB,3,UMB,2
DE-ST,5,DE-ST,2
ESP-AR,6,ESP-AR,2
ES-CM,5,ES-CM,2
ES-TF,5,ES-TF,2
MY-14,5,MY-14,2
SK-PV,5,SK-PV,2
TA,2,,2
UY-MO,5,UY-MO,2
FR-13,5,FR-13,2
MX-GUA,6,MX-GUA,2
WGN,3,NZ-WGN,2
QAT,3,,2
SWE,3,SWE,2
MX-CMX,6,MX-CMX,2
UNK,3,UNK,2
RE,2,,2
JP-11,5,JP-11,2
ES-CC,5,ES-CC,2
GL,2,,2
CZ-,3,,2
Not stated,10,,2
GB-SAY,6,GB-SAY,2
IT-TOS,6,IT-TOS,2
KZ,2,,2
BR-ES,5,BR-ES,2
BR-RJ,5,BR-RJ,2
OCEANIA,7,,2
IND,3,IND,2
MX-YUC,6,MX-YUC,2
RU,2,,2
DE-BR,5,DE-BR,2
FR-35,5,FR-35,2
CN-LN,5,CN-LN,2
IE,2,,2
MY-13,5,MY-13,2
PL-XX,5,PL-XX,2
AR-L,4,AR-L,2
AUS-VIC,7,AU-VIC,2
IT-55,5,IT-55,2
SJO,3,SJO,2
FR-BFC,6,FR-BFC,2
JOR,3,JOR,2
JP-39,5,JP-39,2
BR-SC,5,BR-SC,2
GB-ABE,6,GB-ABE,2
LKA,3,,2
(Not provided),14,,2
Unavailable,11,,2
KR,2,,2
Not specified in provided text,30,,2
FR-62,5,FR-62,2
IT-TO,5,IT-TO,2
MDG,3,MDG,2
SVN,3,,2
ID-SU,5,ID-SU,2
EMU,3,,2
CAS,3,CAS,2
MY-04,5,MY-04,2
PM,2,,2
BR-AL,5,BR-AL,2
GF,2,,2
MX-QUE,6,MX-QUE,2
ONT,3,,2
RU-VOR,6,RU-VOR,2
IN-OR,5,IN-OR,2
JB,2,,2
FI-LL,5,FI-LL,2
KE,2,,2
MI,2,,2
BWA,3,,2
CR-A,4,CR-A,2
CAJ,3,CAJ,2
RU-NVS,6,RU-NVS,2
I,1,,2
CYP,3,CYP,2
CZ-ST,5,CZ-ST,2
ZH,2,,2
CH-ZH,5,CH-ZH,2
CUN,3,CUN,2
EE-37,5,EE-37,2
IE-U,4,IE-U,2
PU,2,,2
JP-05,5,JP-05,2
SE-O,4,SE-O,2
PL-ZP,5,PL-ZP,2
LAO,3,LAO,2
RU-KDA,6,RU-KDA,2
SLV,3,SLV,2
BG-23,5,BG-23,2
GB-YOR,6,GB-YOR,2
JP-16,5,JP-16,2
SE-E,4,SE-E,2
EAF,3,EAF,2
DK,2,,2
--,2,--,2
NER,3,NER,2
CO-SAN,6,CO-SAN,2
ECU,3,ECU,2
NTB,3,NTB,2
USA-HI,6,USA-HI,2
MS,2,,2
QA-DA,5,QA-DA,2
Not explicitly provided,23,,2
USA-MN,6,USA-MN,2
EMR,3,EMR,2
LT-00,5,LT-00,2
RS-00,5,RS-00,2
Not specified in the provided text,34,,2
JP-23,5,JP-23,2
UA-46,5,UA-46,2
GB-MAN,6,GB-MAN,2
IT-PU,5,IT-PU,2
COL,3,COL,2
FI-00,5,FI-00,2
MEL,3,MEL,2
ID-KU,5,ID-KU,2
VEN,3,VEN,2
NCL,3,NCL,2
not available,13,,2
UA,2,,2
CA-NT,5,CA-NT,2
AN,2,,2
IN-DL,5,IN-DL,2
JP-27,5,JP-27,2
RU-KGD,6,RU-KGD,2
NIR,3,NIR,2
TH-,3,TH-,2
FR-17,5,FR-17,2
JP-45,5,JP-45,2
LT-AL,5,LT-AL,2
RU-SAK,6,RU-SAK,2
Not found,9,,2
FR-92,5,FR-92,2
BOL,3,BOL,2
ANT,3,ANT,2
JP-14,5,JP-14,2
SG-01,5,SG-01,2
URY,3,URY,2
ESP-PV,6,ESP-PV,2
CN-BJ,5,CN-BJ,2
US-SD,5,US-SD,2
FR-RE,5,FR-RE,2
13,2,,2
ALA,3,ALA,2
IE-M,4,IE-M,2
MX-SLP,6,MX-SLP,2
AT-1,4,AT-1,2
ES-GR,5,ES-GR,2
CN-91,5,CN-91,2
IE-G,4,IE-G,2
PE-LIM,6,PE-LIM,2
BLZ,3,BLZ,2
JPHI,4,JP-34,2
No data available,17,,2
CO-11,5,CO-11,2
OCC,3,OCC,2
Not specified in provided data,30,,2
Not Specified,13,,2
FR-33,5,FR-33,2
JP-22,5,JP-22,2
CL-RM,5,CL-RM,2
VN-21,5,VN-21,2
JP-17,5,JP-17,2
BAL,3,BAL,2
ASI,3,ASI,2
CN-JX,5,CN-JX,2
ATG,3,ATG,2
BR-RN,5,BR-RN,2
PK-KP,5,PK-KP,2
USA-AZ,6,USA-AZ,2
not provided,12,,2
BO-LP,5,BO-LP,2
FR-2B,5,FR-2B,2
CHN,3,CHN,2
ID-BA,5,ID-BA,2
Not available in provided text,30,,2
IB,2,,2
FR-38,5,FR-38,2
ID-ST,5,ID-ST,2
CH-GE,5,CH-GE,2
"US-MD,US-VA",11,US-MD,2
DE-SH,5,DE-SH,2
No subregion available,22,,2
ID-SG,5,ID-SG,2
VAN,3,VAN,2
IT-MT,5,IT-MT,2
MX-JAL,6,MX-JAL,2
Not specified in raw text,25,,2
FR-M,4,FR-M,2
MX-DIF,6,MX-DIF,2
USA-AK,6,USA-AK,2
IS,2,,2
PRI,3,PRI,2
BR-PE,5,BR-PE,2
TM,2,,2
AU-AUS,6,AU-AUS,1
AE,2,,1
VBR,3,VBR,1
CA-ON-KGN,9,CA-ON,1
B7,2,,1
NO-XX,5,NO-XX,1
FR-L,4,FR-L,1
ID-MA,5,ID-MA,1
IN-HR,5,IN-HR,1
IT-,3,IT-,1
ME,2,,1
CH-LU,5,CH-LU,1
IN-AP,5,IN-AP,1
KZ-31,5,KZ-31,1
AT6,3,AT6,1
NO_DATA,7,,1
MR-NKC,6,MR-NKC,1
RU-MOW,6,RU-MOW,1
BES,3,BES,1
"SASK,SK",7,,1
LIG,3,LIG,1
WS-AP,5,WS-AP,1
ACT,3,ACT,1
VLA,3,VLA,1
S.America,9,,1
FI19,4,FI-19,1
FRL,3,FRL,1
JP-40,5,JP-40,1
SVA,3,SVA,1
VN-29,5,VN-29,1
ADRION,6,ADRION,1
FR-F,4,FR-F,1
FR-02,5,FR-02,1
FR-59,5,FR-59,1
GB-MRY,6,GB-MRY,1
IE-LD,5,IE-LD,1
IT-MAR,6,IT-MAR,1
Not available from raw URL,26,,1
(Not explicitly specified in the provided URL or description),61,,1
"US-TX (assumed based on 'DFW' = Dallas-Fort Worth, Texas)",57,US-TX,1
USA-CA-NV,9,US-CA,1
PT-04,5,PT-04,1
TR-54,5,TR-54,1
USA-OK,6,USA-OK,1
BG-22,5,BG-22,1
CN-44,5,CN-44,1
ES-CT-C,7,ES-CT,1
FI-09,5,FI-09,1
EAS,3,EAS,1
PK-XX,5,PK-XX,1
GB-WMD,6,GB-WMD,1
SAMS,4,,1
BD-0,4,BD-0,1
ES-NA,5,ES-NA,1
KR-48,5,KR-48,1
NZ-OT,5,NZ-OT,1
PE-UCA,6,PE-UCA,1
RU-AD,5,RU-AD,1
Uppsala län,11,,1
SE-G,4,SE-G,1
US-CA-VENTURA,13,US-CA,1
ESP-IB,6,ESP-IB,1
AR-H,4,AR-H,1
FR-78,5,FR-78,1
SCT-GB,6,SCT-GB,1
IDN-XX,6,IDN-XX,1
ID-NT,5,ID-NT,1
not specified in provided text,30,,1
CA-MB,5,CA-MB,1
M,1,,1
FRA-64,6,FRA-64,1
WLS,3,WLS,1
JP-26,5,JP-26,1
multinational,13,,1
PL-LB,5,PL-LB,1
PT-11,5,PT-11,1
not_crawled,11,,1
US-Federal,10,,1
not_provided,12,,1
NE,2,,1
"DE-BW (Baden-Württemberg), DE-RP (Rhineland-Palatinate), DE-HE (Hesse)",70,DE-BW,1
S-CN,4,S-CN,1
FRA-CO,6,FRA-CO,1
GT-GT,5,GT-GT,1
UD,2,,1
PG-NCD,6,PG-NCD,1
Not available from search results,33,Not available from search results,1
Not explicitly stated in URL,28,,1
CH-GR,5,CH-GR,1
"GB-ENG, GB-SCT, GB-WLS, GB-NIR, GB-UKM",38,,1
ITLOM,5,IT-25,1
MAF2,4,,1
LAX,3,LAX,1
SEN,3,SEN,1
CZ-KR,5,CZ-KR,1
HU-HB,5,HU-HB,1
IN-JK,5,IN-JK,1
LT-LT-KLP,9,LT-KLP,1
OV,2,,1
NP-P2,5,NP-P2,1
TR-48,5,TR-48,1
US-MX,5,US-MX,1
BLG,3,BLG,1
CAN-AB,6,CAN-AB,1
(unspecified),13,,1
MQ,2,,1
FR-NC,5,FR-NC,1
FR-64 (Pyrénées-Atlantiques),28,FR-64,1
GB-KEC,6,GB-KEC,1
GB-J3,5,GB-J3,1
ID-16,5,ID-16,1
IT-IM,5,IT-IM,1
JP-35,5,JP-35,1
PH-R10,6,PH-R10,1
PHL,3,PHL,1
US-WI-Lincoln,13,US-WI,1
ON-K7,5,ON-K7,1
CO-VAL,6,CO-VAL,1
CZ-OP,5,CZ-OP,1
DE-SL,5,DE-SL,1
SH (Schleswig-Holstein),23,DE-SH,1
FR-OC,5,FR-OC,1
JO,2,,1
CIS,3,CIS,1
PAV,3,PAV,1
ASIA-WEST,9,,1
ME-00,5,ME-00,1
SADC,4,SADC,1
not applicable/not specified,28,,1
TW-YUN,6,TW-YUN,1
[subregion_code_here],21,,1
GB-NLN,6,GB-NLN,1
PT-500,6,PT-500,1
TH-45,5,TH-45,1
A,1,,1
FR-93,5,FR-93,1
IT-PUG,6,IT-PUG,1
JO00,4,JO-00,1
JO-AM,5,JO-AM,1
PT-08,5,PT-08,1
"US-IL, US-IN, US-MI, US-WI",26,,1
AR-U,4,AR-U,1
BR-GO,5,BR-GO,1
BR-CE,5,BR-CE,1
Congo (Kinshasa),16,,1
anhui_bengbu,12,,1
CR-H,4,CR-H,1
EC-P,4,EC-P,1
Not provided in source text. Please verify from website.,56,,1
GB-DND,6,GB-DND,1
GB-WGN,6,GB-WGN,1
TS,2,,1
"CH-AG (Aargau, canton)",22,CH-AG,1
FR-MQ,5,FR-MQ,1
Fukuoka_Ken,11,,1
UNDEFINED,9,,1
UEMOA,5,,1
SAm,3,SAm,1
CAL,3,CAL,1
IT-BA,5,IT-BA,1
PT-13,5,PT-13,1
SI-UNKNOWN,10,,1
WAF,3,WAF,1
CN-XZ,5,CN-XZ,1
CN-NX,5,CN-NX,1
O,1,,1
GB-RFW,6,GB-RFW,1
GT,2,,1
PE-LOR,6,PE-LOR,1
SK-BL,5,SK-BL,1
CAR,3,CAR,1
ISL-3,5,ISL-3,1
IT-RE,5,IT-RE,1
JP-12,5,JP-12,1
KR-43,5,KR-43,1
KZ-VOS,6,KZ-VOS,1
MX-TAM,6,MX-TAM,1
MAZ,3,MAZ,1
PT1,3,PT1,1
SA-05,5,SA-05,1
NSCA,4,,1
CO-TOL,6,CO-TOL,1
CO-COL,6,CO-COL,1
Not available from the website homepage or direct inspection,60,,1
ZE,2,,1
FI-ENO,6,FI-ENO,1
TCD,3,TCD,1
CZ-PL,5,CZ-PL,1
ABE,3,ABE,1
GT-01,5,GT-01,1
KZ-MAN,6,KZ-MAN,1
TW-NAN,6,TW-NAN,1
15,2,,1
Not available in page content,29,,1
US-IL-URB,9,US-IL,1
TUC,3,TUC,1
CN-SD,5,CN-SD,1
CZ-JV,5,CZ-JV,1
SSEA,4,,1
A-ALS,5,A-ALS,1
CVL,3,CVL,1
FR-P,4,FR-P,1
GB-DEV,6,GB-DEV,1
"EMR,LAZ,etc. (region not applicable to central gov. owner)",58,,1
"NZ-WGN, NZ-MBH",14,NZ-WGN,1
AFR-E,5,AFR-E,1
AU_NSW,6,AU_NSW,1
USA-CO,6,USA-CO,1
USA-XX,6,USA-XX,1
CH-BL,5,CH-BL,1
DZ,2,,1
MAR,3,MAR,1
NP,2,,1
CUM,3,CUM,1
KAB,3,KAB,1
TV,2,,1
CHL,3,CHL,1
FR-C,4,FR-C,1
GB-ANS,6,GB-ANS,1
MNG,3,MNG,1
MX-HID,6,MX-HID,1
QA-undefined,12,,1
IE-LH,5,IE-LH,1
SHJ,3,SHJ,1
BUE,3,BUE,1
BLC,3,BLC,1
DE–HE,5,DE-HE,1
FR-73,5,FR-73,1
GB-NBL,6,GB-NBL,1
PY-ASU,6,PY-ASU,1
RO-XX,5,RO-XX,1
SE-S,4,SE-S,1
Not applicable,14,,1
AUH,3,AUH,1
RO-B,4,RO-B,1
7,1,,1
CAN-X,5,CAN-X,1
CAN_BC,6,CAN_BC,1
0,1,,1
LA-SV,5,LA-SV,1
MZA,3,MZA,1
HN-SD,5,HN-SD,1
CH-TG,5,CH-TG,1
FR-69,5,FR-69,1
IN-KA,5,IN-KA,1
IN-TG,5,IN-TG,1
TR-27,5,TR-27,1
AUS-QLD,7,AU-QLD,1
999,3,999,1
FR-O (Hauts-de-France),22,FR-O,1
NL-XX,5,NL-XX,1
NZ-WTC,6,NZ-WTC,1
SOU,3,SOU,1
AE-FU,5,AE-FU,1
ARM,3,ARM,1
CO-RIS,6,CO-RIS,1
ID-MB,5,ID-MB,1
IT-65,5,IT-65,1
MD-undefined,12,,1
Not specified in accessible metadata,36,,1
ARK,3,ARK,1
AT-8,4,AT-8,1
CHN-11,6,CHN-11,1
Finland,7,,1
GB-HEF,6,GB-HEF,1
"GB-ENG (England, as regional breakdown not ISO 3166-2 for South Oxfordshire; the correct full ISO would be county-specific, e.g. OXON for Oxfordshire, but 'GB-ENG' is used as admin level 1)",189,GB-ENG,1
ID-KA,5,ID-KA,1
IT-57,5,IT-57,1
JP-15,5,JP-15,1
LT-VL (Vilnius County; Ukmergė is in Vilnius County),52,LT-VL,1
SVC,3,SVC,1
Not available at root level,27,,1
VANL,4,,1
CL-VS,5,CL-VS,1
AMCA,4,,1
RU-MUR,6,RU-MUR,1
RU-RYA,6,RU-RYA,1
SK-KI,5,SK-KI,1
TR-77,5,TR-77,1
No subregion code available from source.,40,,1
US-CO-Jefferson,15,US-CO,1
JPT13,5,JP-13,1
GB-GRE,6,GB-GRE,1
ES-BA,5,ES-BA,1
A-FR-RGE,8,FR-RGE,1
"FR-2A,FR-2B",11,FR-2A,1
GB-RCC,6,GB-RCC,1
NOT_STATED,10,,1
"ID-JW,ID-KA,ID-NU,ID-PA,ID-SL,ID-SM,ID-SN,ID-SS,ID-BA,ID-BB,ID-BE,ID-GO,ID-JA,ID-JB,ID-JI,ID-JK,ID-JT,ID-KB,ID-KI,ID-KR,ID-KS,ID-KT,ID-LA,ID-MA,ID-MU,ID-NB,ID-NT,ID-PB,ID-RI,ID-SA,ID-SB,ID-SG,ID-ST,ID-SU,ID-YO",209,,1
IT-52 (Tuscany),15,IT-52,1
TH-76,5,TH-76,1
XKX,3,XKX,1
VN-54,5,VN-54,1
CBA,3,CBA,1
EC-L,4,EC-L,1
ES-VC,5,ES-VC,1
MA-XX,5,MA-XX,1
TAB,3,TAB,1
NL-5,4,NL-5,1
NO-030,6,NO-030,1
RU-SFD,6,RU-SFD,1
AF-ZM,5,AF-ZM,1
BIH,3,BIH,1
FI-10,5,FI-10,1
GR-ESYE31,9,GR-I,1
KBR,3,KBR,1
LIM,3,LIM,1
"TH-XX (if available, else blank)",32,TH-XX,1
AJ,2,,1
CA-PE,5,CA-PE,1
IT-MI,5,IT-MI,1
KZ-AKM,6,KZ-AKM,1
MX-OAX,6,MX-OAX,1
SE088 (Kalmar län),18,SE-08,1
UA-14,5,UA-14,1
EG-ALX,6,EG-ALX,1
Not directly specified,22,,1
US-AZ-MAR,9,US-AZ,1
ID-US,5,ID-US,1
BA,2,,1
PVL,3,PVL,1
E07000087,9,,1
ID-BB,5,ID-BB,1
SBY,3,SBY,1
BR-MS,5,BR-MS,1
BR-MT,5,BR-MT,1
Not specified in input,22,,1
CZ-PA,5,CZ-PA,1
FO,2,,1
IT-TTN,6,IT-TTN,1
ZKO,3,ZKO,1
PL-22,5,PL-22,1
SI-01 (Osrednjeslovenska),25,SI-01,1
TR-38,5,TR-38,1
Not specified in search result or metadata.,43,,1
06-CA,5,06-CA,1
VN-,3,VN-,1
ZWE,3,ZWE,1
CN-HB,5,CN-HB,1
MAD,3,MAD,1
MU,2,,1
SHIZUOKA,8,,1
CMX,3,CMX,1
ASM,3,ASM,1
AR-K,4,AR-K,1
Not specified in search results.,32,,1
FR-24,5,FR-24,1
GB-AGB,6,GB-AGB,1
GR-SRF,6,GR-SRF,1
IT-FC,5,IT-FC,1
NCA,3,NCA,1
RU-KGN,6,RU-KGN,1
RU-KYA,6,RU-KYA,1
RU-PER,6,RU-PER,1
MP-US,5,MP-US,1
RI,2,,1
Lower Saxony (NI),17,DE-NI,1
VAL,3,VAL,1
FRA-OCC,7,FR-OCC,1
FR-84,5,FR-84,1
Not available from provided URL,31,,1
MDA,3,MDA,1
DE.BY,5,DE-BY,1
IE-WX,5,IE-WX,1
IT.LAZ,6,IT.LAZ,1
PT-XX,5,PT-XX,1
<not specified>,15,,1
"AT-8, Vorarlberg",16,AT-8,1
CZ-LI,5,CZ-LI,1
ES-XX,5,ES-XX,1
FJI,3,FJI,1
JP-07,5,JP-07,1
41,2,,1
LV-XXX,6,LV-XXX,1
NAM,3,NAM,1
RU-NEN,6,RU-NEN,1
TR08,4,TR-08,1
KHÔNG XÁC ĐỊNH,14,,1
World,5,World,1
DE-BB (Brandenburg),19,DE-BB,1
FI-NA,5,FI-NA,1
FR-REG-BZH (Brittany/Bretagne),30,FR-BRE,1
TTO,3,TTO,1
Not detected,12,,1
None specified,14,,1
BR-BA,5,BR-BA,1
EC-A,4,EC-A,1
FR-AQU,6,FR-AQU,1
TH-36 (Chaiyaphum),18,TH-36,1
UY-DU,5,UY-DU,1
Not explicitly stated in provided content,41,,1
62,2,,1
KR-47,5,KR-47,1
KAZ,3,KAZ,1
LB-JL,5,LB-JL,1
Not specified in provided text or at the URL,44,,1
ILO,3,ILO,1
RU-TVE,6,RU-TVE,1
RU-VLG,6,RU-VLG,1
USA-PA-NJ,9,US-PA,1
ECU-IM,6,ECU-IM,1
FR-01,5,FR-01,1
GB-NGM,6,GB-NGM,1
GB-CHE,6,GB-CHE,1
GB-SRY,6,GB-SRY,1
QROO,4,,1
MY,2,,1
DOL,3,DOL,1
"Required for the schema as a field, not yet defined from the URL",64,,1
ML-8,4,ML-8,1
UP,2,,1
JPTOT,5,JP-31,1
MLI,3,MLI,1
EE-,3,EE-,1
"US-DC, US-MD, US-VA",19,US-DC,1
VN-49,5,VN-49,1
Not extracted from URL.,23,,1
CN-AH,5,CN-AH,1
18,2,,1
IT-25 (Lombardia),17,IT-25,1
PL-24,5,PL-24,1
Not specified in the given context.,35,,1
,1,,1
US-GA-FULTON,12,US-GA,1
CA-NA,5,CA-NA,1
EME,3,EME,1
ID-JO,5,ID-JO,1
NP-P3,5,NP-P3,1
UNM1,4,,1
TR-42,5,TR-42,1
NV,2,,1
BFC,3,BFC,1
GB-GWN,6,GB-GWN,1
GB-DBY,6,GB-DBY,1
SI,2,,1
Not specified in provided content,33,,1
PER-LIM,7,PE-LIM,1
PT-01,5,PT-01,1
USA-,4,USA-,1
CI-14,5,CI-14,1
DK-81,5,DK-81,1
GR-I,4,GR-I,1
IND-TS,6,IND-TS,1
IT88,4,IT-88,1
TR,2,,1
Vienne,6,Vienne,1
Not specified in context,24,,1
Quebec (if applicable),22,,1
CZ-41,5,CZ-41,1
EC-C,4,EC-C,1
FR-44,5,FR-44,1
"Nelson, Tasman",14,NZ-NSN,1
Not specified in query,22,Not specified in query,1
HER,3,HER,1
SAR,3,SAR,1
No subregion available in input.,32,No subregion available in input.,1
SL,2,,1
PRY-ASU,7,PRY-ASU,1
TW-TPQ,6,TW-TPQ,1
IL-D,4,IL-D,1
unclear from URL,16,unclear from URL,1
BGR,3,BGR,1
FR-972,6,FR-972,1
GB-CMA,6,GB-CMA,1
PE-HUC,6,PE-HUC,1
PL-02,5,PL-02,1
not specified in metadata,25,not specified in metadata,1
USA-CT,6,USA-CT,1
--not specified--,17,--not specified--,1
FRA-75,6,FRA-75,1
US-CA-SMT,9,US-CA,1
XWA,3,XWA,1
CZ064,5,CZ-64,1
ES-VS,5,ES-VS,1
3,1,,1
CH-SO,5,CH-SO,1
PCN,3,PCN,1
H,1,,1
BW,2,,1
CHN-HK,6,CHN-HK,1
ID-JW,5,ID-JW,1
PHS,3,PHS,1
Not available from extract,26,Not available from extract,1
GB-POW,6,GB-POW,1
GBR-E,5,GBR-E,1
SUL,3,SUL,1
NL-BR,5,NL-BR,1
(not provided),14,(not provided),1
EUROPE_WEST,11,EUROPE_WEST,1
Unspecified (extraction needed),31,Unspecified (extraction needed),1
au-vic,6,au-vic,1
DZA,3,DZA,1
EG.C,4,EG.C,1
"JP-09, JP-09, JP-09",19,"JP-09, JP-09, JP-09",1
NO-,3,NO-,1
11,2,,1
Not available in the provided information.,42,Not available in the provided information.,1
CUSEC,5,,1
BG-07,5,BG-07,1
ZJ,2,,1
IE-IE,5,IE-IE,1
US-CA-LA,8,US-CA,1
VN-43,5,VN-43,1
IT-PT,5,IT-PT,1
KWT,3,KWT,1
RU-VLA,6,RU-VLA,1
SGP,3,SGP,1
US-CA-LAC,9,US-CA,1
ZAF-WC,6,ZAF-WC,1
GB-HAL,6,GB-HAL,1
NO-07,5,NO-07,1
SE-OD,5,SE-OD,1
Southeast Asia,14,Southeast Asia,1
US-WC,5,US-WC,1
PF,2,,1
SEO,3,SEO,1
KZ-ATY,6,KZ-ATY,1
PG,2,,1
PS-RAM,6,PS-RAM,1
RU-KOM,6,RU-KOM,1
RU-IVA (Tver Oblast),20,RU-IVA (Tver Oblast),1
RU-VGG,6,RU-VGG,1
Subregion code not present in source,36,Subregion code not present in source,1
"US-NJ,US-NY,US-PA,US-DE",23,"US-NJ,US-NY,US-PA,US-DE",1
AUS-WA,6,AUS-WA,1
LUX,3,LUX,1
NULL,4,,1
FXX,3,FXX,1
VN-CT,5,VN-CT,1
Ontario,7,CA-ON,1
CL-[not specified],18,CL-[not specified],1
EE-74,5,EE-74,1
Not provided in URL,19,Not provided in URL,1
MT,2,,1
POLY,4,,1
EAST,4,,1
EC17,4,EC-17,1
ES-GC,5,ES-GC,1
FR-83,5,FR-83,1
HR-08,5,HR-08,1
006,3,006,1
(not specified in available information),40,(not specified in available information),1
BRA-ES,6,BRA-ES,1
CHL-BI,6,CHL-BI,1
FR-31,5,FR-31,1
FR-971,6,FR-971,1
KR-27,5,KR-27,1
PSK,3,PSK,1
RU-SVE,6,RU-SVE,1
SK-TA,5,SK-TA,1
Not available from current source,33,Not available from current source,1
FR-R52,6,FR-R52,1
Not available in provided URL text.,35,Not available in provided URL text.,1
SE-086,6,SE-086,1
SE-Y,4,SE-Y,1
LCN,3,LCN,1
"CZE,SRB,HRV,AUT,SVK,UKR,POL,ROU",31,"CZE,SRB,HRV,AUT,SVK,UKR,POL,ROU",1
CL-AR,5,CL-AR,1
VN-SGN,6,VN-SGN,1
EE-372,6,EE-372,1
CB (Cantabria),14,CB (Cantabria),1
CZ-OL,5,CZ-OL,1
IL-02,5,IL-02,1
CL-13,5,CL-13,1
CAN-NS,6,CAN-NS,1
DM,2,,1
Jawa Timur,10,Jawa Timur,1
Not specified in provided text.,31,Not specified in provided text.,1
ITA-VDA,7,ITA-VDA,1
IT-75,5,IT-75,1
KG,2,,1
NL-LI,5,NL-LI,1
TPE,3,TPE,1
EC-S,4,EC-S,1
FI-1U,5,FI-1U,1
FR-VDL,6,FR-VDL,1
GB-CON,6,GB-CON,1
ID-JR,5,ID-JR,1
SNI 1403,8,,1
IT-AR,5,IT-AR,1
LV-DGV,6,LV-DGV,1
SK-BC,5,SK-BC,1
NZL-STL,7,NZ-STL,1
TH-N/A,6,TH-N/A,1
DC,2,,1
CAN.REG,7,,1
"CAN-NS, CAN-NB, CAN-NL, CAN-PE",30,"CAN-NS, CAN-NB, CAN-NL, CAN-PE",1
CZ-064,6,CZ-064,1
XSA,3,XSA,1
RU-NO,5,RU-NO,1
TW-TXG,6,TW-TXG,1
Unspecified,11,Unspecified,1
VE,2,,1
CN-GZ,5,CN-GZ,1
FR-68,5,FR-68,1
NL-FR,5,NL-FR,1
SE-MA,5,SE-MA,1
US36,4,,1
DU,2,,1
EC-LO,5,EC-LO,1
"NOR, various regions",20,"NOR, various regions",1
PL-LD,5,PL-LD,1
PT_11,5,PT-11,1
RUS-FEDVST,10,RUS-FEDVST,1
JP-24,5,JP-24,1
DXB,3,DXB,1
GB-OXF,6,GB-OXF,1
not provided by raw text,24,not provided by raw text,1
1,1,,1
EL-44,5,EL-44,1
IE-W,4,IE-W,1
GB-GLS,6,GB-GLS,1
GB-PKC,6,GB-PKC,1
USA-TX,6,USA-TX,1
X,1,,1
BR-PB,5,BR-PB,1
CN-23,5,CN-23,1
"57, 44, 573, 5719",17,"57, 44, 573, 5719",1
OT,2,,1
No subregion code available in the extraction.,46,No subregion code available in the extraction.,1
FR-V,4,FR-V,1
XOF,3,XOF,1
"CR-AL (Alajuela province, but not directly mapped in ISO 3166-2; ISO 3166-2:CR for 'San Ramón' is not defined, but the municipality is in Alajuela province)",156,"CR-AL (Alajuela province, but not directly mapped in ISO 3166-2; ISO 3166-2:CR for 'San Ramón' is not defined, but the municipality is in Alajuela province)",1
EE-82,5,EE-82,1
MEX-09,6,MEX-09,1
TW-ILA,6,TW-ILA,1
Antwerp,7,BE-VAN,1
EC-G,4,EC-G,1
Ile-de-France,13,Ile-de-France,1
GB-WSX,6,GB-WSX,1
IR-28,5,IR-28,1
IT-LOM,6,IT-LOM,1
RO-IF,5,RO-IF,1
not_specified,13,not_specified,1
(not available),15,(not available),1
CO-UNKNOWN,10,CO-UNKNOWN,1
ARA,3,ARA,1
FIN,3,FIN,1
SE-AC,5,SE-AC,1
TW-,3,TW-,1
UA-68,5,UA-68,1
"NL-LI,NL-NB,NL-GE",17,"NL-LI,NL-NB,NL-GE",1
BLA,3,BLA,1
SAM,3,SAM,1
Not specified in provided URL,29,Not specified in provided URL,1
"ES,IT,NL",8,,1
FR-20R,6,FR-20R,1
FR-65,5,FR-65,1
GB-BPL,6,GB-BPL,1
GB-ERY,6,GB-ERY,1
ID-SN,5,ID-SN,1
MY-05,5,MY-05,1
Bratislava,10,Bratislava,1
IE-XX,5,IE-XX,1
OH,2,,1
AU-XX,5,AU-XX,1
BR-XX,5,BR-XX,1
BR-PI,5,BR-PI,1
EC-X,4,EC-X,1
CT-ES,5,CT-ES,1
IN-UP,5,IN-UP,1
JP-37,5,JP-37,1
(to be specified),17,(to be specified),1
TUR,3,TUR,1
TW-PEN,6,TW-PEN,1
not found,9,,1
PA-BUC,6,PA-BUC,1
USA-KY,6,USA-KY,1
CY,2,,1
"FR-IDF,FR-91,FR-77",18,"FR-IDF,FR-91,FR-77",1
GP,2,,1
GB-YORK,7,,1
Undefined,9,,1
IT-VE,5,IT-VE,1
WV,2,,1
AM,2,,1
S. America,10,S. America,1
BZ-00,5,BZ-00,1
Not specified in given text,27,Not specified in given text,1
"US-NC (unconfirmed, adjust as official source available)",56,"US-NC (unconfirmed, adjust as official source available)",1
SCO,3,SCO,1
FR-16,5,FR-16,1
"FR-91,FR-77",11,"FR-91,FR-77",1
JPT04,5,JP-04,1
NG-EK,5,NG-EK,1
03,2,,1
SV-SS,5,SV-SS,1
TON,3,TON,1
LBZ,3,LBZ,1
ZA-WC,5,ZA-WC,1
BO-L,4,BO-L,1
LT-58,5,LT-58,1
MKD,3,MKD,1
TW-TNN,6,TW-TNN,1
PAC,3,PAC,1
"AT-3,AT-7,CZ-JM,HU-GY,SK-BL,SK-TA,SK-NI",39,"AT-3,AT-7,CZ-JM,HU-GY,SK-BL,SK-TA,SK-NI",1
FRA-GES,7,FR-GES,1
GR-54,5,GR-54,1
Auckland,8,,1
Not available.,14,Not available.,1
Not specified in provided URL content or search results,55,Not specified in provided URL content or search results,1
"PRI, USVI, others",17,"PRI, USVI, others",1
id-la,5,id-la,1
GB.ENG,6,GB.ENG,1
BTN,3,BTN,1
Okinawa,7,JP-47,1
JPT,3,JPT,1
KZ-KUS,6,KZ-KUS,1
NZ-CIT,6,NZ-CIT,1
PH-01,5,PH-01,1
SG-0,4,SG-0,1
ECS,3,ECS,1
US-OK-OKC,9,US-OK,1
North America,13,North America,1
EEA,3,EEA,1
"FI-09 (Kymenlaakso region, may vary if need to specify municipality)",68,FI-09,1
AMCA3,5,,1
HR-01,5,HR-01,1
MX-MX,5,MX-MX,1
mer,3,mer,1
AUS-TAS,7,AU-TAS,1
BRA-SP,6,BRA-SP,1
CO-VAC,6,CO-VAC,1
EC-M,4,EC-M,1
No information,14,No information,1
IL-TA,5,IL-TA,1
PT-PT,5,PT-PT,1
SPE,3,SPE,1
KAN,3,KAN,1
VN-51,5,VN-51,1
AT-7,4,AT-7,1
AST,3,AST,1
NC-1,4,NC-1,1
IDN-00,6,IDN-00,1
KR-45,5,KR-45,1
NL-,3,NL-,1
NO-02,5,NO-02,1
Not specified in search results,31,Not specified in search results,1
RU-PRI,6,RU-PRI,1
TZA,3,TZA,1
CMR,3,CMR,1
CA-YOL,6,CA-YOL,1
"US-TN,US-NC",11,"US-TN,US-NC",1
Region 9 (Northern Region),26,Region 9 (Northern Region),1
VN-18,5,VN-18,1
B,1,,1
E12000002,9,,1
GB-LEC,6,GB-LEC,1
HEL,3,HEL,1
ID-JBR,6,ID-JBR,1
JP-29,5,JP-29,1
MA-00,5,MA-00,1
LMA,3,LMA,1
SE-N,4,SE-N,1
CPT,3,CPT,1
CH-SZ,5,CH-SZ,1
CZ10,4,CZ-10,1
EX,2,,1
UUSIMAA,7,FI-18,1
GB-LEI,6,GB-LEI,1
TR-35,5,TR-35,1
Not specified in provided information,37,Not specified in provided information,1
BA-SRP,6,BA-SRP,1
DE-BYR,6,DE-BYR,1
FR-GE,5,FR-GE,1
"NL-UT,NL-NH,NL-FL,NL-ZH,NL-Z,NL-NB,NL-LI,NL-GE,NL-OV,NL-DR,NL-FR,NL-GR,NL-FV,NL-OV,NL-DR,NL-FR,NL-GR,NL-FV",106,"NL-UT,NL-NH,NL-FL,NL-ZH,NL-Z,NL-NB,NL-LI,NL-GE,NL-OV,NL-DR,NL-FR,NL-GR,NL-FV,NL-OV,NL-DR,NL-FR,NL-GR,NL-FV",1
SE-K,4,SE-K,1
EE-78,5,EE-78,1
HK,2,,1
KZ-WKO,6,KZ-WKO,1
KZ-,3,KZ-,1
MYS,3,MYS,1
CZ-xxx,6,CZ-xxx,1
TW-TAO,6,TW-TAO,1
CN-GS,5,CN-GS,1
Canary Islands,14,Canary Islands,1
EMODnet covers pan-European and global regions,46,EMODnet covers pan-European and global regions,1
FI-19,5,FI-19,1
GB-NYK,6,GB-NYK,1
GB-HRT,6,GB-HRT,1
SBK,3,SBK,1
LVA-RIX,7,LV-RIX,1
SO-WO,5,SO-WO,1
VN-TH,5,VN-TH,1
VN-34,5,VN-34,1
BRL,3,BRL,1
CH-UR,5,CH-UR,1
DOM,3,DOM,1
IT-LO,5,IT-LO,1
MX-VER,6,MX-VER,1
RU-KO,5,RU-KO,1
DK-83 (Region Sjælland),23,DK-83 (Region Sjælland),1
"DE-OH (example, check correct code for Kreis OH)",48,"DE-OH (example, check correct code for Kreis OH)",1
Not provided (URL only),23,Not provided (URL only),1
Bretagne/Regional subdivision not specified in output,53,Bretagne/Regional subdivision not specified in output,1
OK,2,,1
US-TN-061,9,US-TN,1
GBx,3,GBx,1
SGN,3,SGN,1
"AU-ACT (as AODN is nationally coordinated, not regional)",56,"AU-ACT (as AODN is nationally coordinated, not regional)",1
BT-TH,5,BT-TH,1
HTI,3,HTI,1
ITA-CAM,7,IT-72,1
CHIS,4,,1
SMA,3,SMA,1
ACME,4,,1
SK-TC (Trenčín Region),22,SK-TC (Trenčín Region),1
"GB-ENG, GB-WLS, GB-NIR",22,"GB-ENG, GB-WLS, GB-NIR",1
KS,2,,1
Cordoba,7,AR-X,1
FR-45,5,FR-45,1
GB-STA,6,GB-STA,1
ID-SKB,6,ID-SKB,1
FRY,3,FRY,1
BUC,3,BUC,1
[Not specified],15,[Not specified],1
JPN-SA13,8,,1
MX-PUE,6,MX-PUE,1
OC-PG,5,OC-PG,1
PL-WP,5,PL-WP,1
OC-PW,5,OC-PW,1
SA-04,5,SA-04,1
FR-72 (Sarthe),14,FR-72 (Sarthe),1
CO-US,5,CO-US,1
Americas,8,,1
BOG,3,BOG,1
NL-U,4,NL-U,1
OTA,3,OTA,1
ZP,2,,1
SI-061,6,SI-061,1
ES-LE,5,ES-LE,1
AM-ER,5,AM-ER,1
CN-FJ-2,7,CN-FJ,1
GB-EDH,6,GB-EDH,1
22,2,,1
TR-41,5,TR-41,1
USA-MA,6,USA-MA,1
ZZ,2,,1
AR-A,4,AR-A,1
AR-W,4,AR-W,1
ES-I,4,ES-I,1
MC (Murcia),11,MC (Murcia),1
IDR,3,IDR,1
I-KYU,5,I-KYU,1
PB,2,,1
PK-JK,5,PK-JK,1
PL-82,5,PL-82,1
EA5,3,EA5,1
US-MS-47,8,US-MS,1
Not provided in raw text,24,Not provided in raw text,1
LVA,3,LVA,1
PL-14,5,PL-14,1
ULY,3,ULY,1
GR EMD,6,GR EMD,1
"CI,BJ,BF,CV,GH,GN,GM,GW,LR,ML,NE,NG,SN,SL,TG",44,"CI,BJ,BF,CV,GH,GN,GM,GW,LR,ML,NE,NG,SN,SL,TG",1
MD-M,4,MD-M,1
FI-212,6,FI-212,1
FI-OL,5,FI-OL,1
JP-04,5,JP-04,1
NG-OG,5,NG-OG,1
10,2,,1
ECA,3,ECA,1
US-SN,5,US-SN,1
MLA,3,MLA,1
BE-VLI,6,BE-VLI,1
ES-CA,5,ES-CA,1
GR-ATT,6,GR-ATT,1
JT,2,,1
JP-06,5,JP-06,1
JP-21,5,JP-21,1
europe,6,europe,1
RU-TAM,6,RU-TAM,1
FR-B,4,FR-B,1
EC-U,4,EC-U,1
FR-74,5,FR-74,1
VN-26,5,VN-26,1
83,2,,1
UY-TA,5,UY-TA,1
US-MAR,6,US-MAR,1
VN-31,5,VN-31,1
"BE-WAL, BE-BRU",14,"BE-WAL, BE-BRU",1
RLA,3,RLA,1
GR-Μ,4,GR-Μ,1
ID-NB,5,ID-NB,1
CS,2,,1
JP-02,5,JP-02,1
MN-00,5,MN-00,1
TR-52,5,TR-52,1
Gulf of Mexico,14,Gulf of Mexico,1
"US-WA, US-OR, US-ID",19,"US-WA, US-OR, US-ID",1
nil,3,nil,1
XJ,2,,1
GB-HEH,6,GB-HEH,1
GRC,3,GRC,1
IN-MP,5,IN-MP,1
IT-77,5,IT-77,1
Not specified in results,24,Not specified in results,1
TKI,3,TKI,1
AF-S,4,AF-S,1
Not provided in extracted data,30,Not provided in extracted data,1
"MB,CA",5,,1
FI-HEL,6,FI-HEL,1
FLK,3,FLK,1
Not available in data,21,Not available in data,1
J-TR,4,J-TR,1
IN-WB,5,IN-WB,1
USA-OH,6,USA-OH,1
GB-WLV,6,GB-WLV,1
JPN-25,6,JPN-25,1
MOR,3,MOR,1
WKO,3,WKO,1
TR-IST,6,TR-IST,1
CO-BOY,6,CO-BOY,1
GB-UKD5,7,,1
JP-42,5,JP-42,1
Не указано,10,Не указано,1
RU-AMU,6,RU-AMU,1
TUL,3,TUL,1
YAN,3,YAN,1
SG-XX,5,SG-XX,1
"PS-GAZ,PS-WBK",13,"PS-GAZ,PS-WBK",1
AT-5,4,AT-5,1
FI-177,6,FI-177,1
FR-32,5,FR-32,1
GB-BRD,6,GB-BRD,1
ID-SR,5,ID-SR,1
IT-RM,5,IT-RM,1
LE,2,,1
MYS09,5,,1
NM,2,,1
IT-GE,5,IT-GE,1
QR,2,,1
NL-ZE,5,NL-ZE,1
NO-18,5,NO-18,1
PH-BUK,6,PH-BUK,1
TW-KIN,6,TW-KIN,1
DK-83,5,DK-83,1
None (not specified),20,None (not specified),1
TR-06,5,TR-06,1
"DE-RP, DE-HE, DE-BW (assumed VRN covers parts of Rhineland-Palatinate, Hesse, Baden-Württemberg, to verify)",107,"DE-RP, DE-HE, DE-BW (assumed VRN covers parts of Rhineland-Palatinate, Hesse, Baden-Württemberg, to verify)",1
DZ-16,5,DZ-16,1
ES-SS,5,ES-SS,1
ITA_SIC,7,IT-82,1
? (Not provided in raw text),28,? (Not provided in raw text),1
SE11,4,,1
BR-RR,5,BR-RR,1
BHS,3,BHS,1
BLR,3,BLR,1
FRA-MET,7,FR-MET,1
ID-RIAU,7,ID-RI,1
IN-TN,5,IN-TN,1
IT-52/TOS,9,IT-52,1
Not explicitly stated in the provided URL.,42,Not explicitly stated in the provided URL.,1
MM,2,,1
RU-LEN,6,RU-LEN,1
GB-WLS-PEM,10,GB-WLS-PEM,1
GUA/GTM,7,,1
ID_JA,5,ID-JA,1
IT-NA,5,IT-NA,1
LT-KU,5,LT-KU,1
undefined,9,,1
AR-N,4,AR-N,1
INT,3,INT,1
GB-ESS,6,GB-ESS,1
GH-CP,5,GH-CP,1
IL-HA,5,IL-HA,1
Santiago,8,,1
Not extracted,13,Not extracted,1
ZAF-CP,6,ZAF-CP,1
AR,2,,1
ES-JÄ,5,ES-JÄ,1
CAC,3,CAC,1
PL-SK,5,PL-SK,1
XX,2,,1
FR-PACA,7,FR-PAC,1
VN-44,5,VN-44,1
BY-HO,5,BY-HO,1
CH-BS,5,CH-BS,1
Unknown (not specified in the input),36,Unknown (not specified in the input),1
Not provided in metadata,24,Not provided in metadata,1
ID-AS,5,ID-AS,1
JP-18,5,JP-18,1
RU-SAR,6,RU-SAR,1
GAU,3,GAU,1
CN-HI,5,CN-HI,1
"Not specified (domain suggests possible subregion, but not clear from URL alone)",80,,1
DE-NW.NI.HER,12,DE-NW.NI.HER,1
GB-,3,GB-,1
GTM,3,GTM,1
EA-JI,5,EA-JI,1
us,2,,1
XQ,2,,1
CA.BC,5,CA-BC,1
VS,2,,1
CZ-NUTS2:CZ052,14,CZ-NUTS2:CZ052,1
GB-LAN,6,GB-LAN,1
GR-22,5,GR-22,1
KEN,3,KEN,1
MX-BCS,6,MX-BCS,1
RU-MOS,6,RU-MOS,1
VNM,3,VNM,1
MP,2,,1
AR-Y,4,AR-Y,1
GB-CLD,6,GB-CLD,1
JBR,3,JBR,1
LO,2,,1
JP-38,5,JP-38,1
LT-46,5,LT-46,1
N/A (global),12,N/A (global),1
VN-DN,5,VN-DN,1
